Instancia;Metaheuristica;Estrategia;Out;Melhor;Media;_TempoMelhor;TempoMelhor;TempoTotal
1_70_25;SA;1;1365250;1365250;1365250;8.176132;inf;10.036
2_70_25;SA;1;2694645;2694645;2694645;7.935411;inf;10.104
3_70_25;SA;1;685604;685604;685604;9.222767;inf;10.357
4_70_25;SA;1;4043507;4043507;4043507;7.907389;7.907389;10.075
5_70_25;SA;1;2394884;2394884;2394884;7.448677;inf;10.124
6_70_25;SA;1;2539596;2539596;2539596;9.282309;inf;10.149
7_70_25;SA;1;2680092;2680092;2680092;9.249944;9.249944;10.103
8_70_25;SA;1;372379;372379;372379;9.790797;inf;10.144
9_70_25;SA;1;194824;194824;194824;9.441834;inf;10.267
10_70_25;SA;1;2974834;2974834;2974834;8.30075;8.30075;10.259
1_70_50;SA;1;4590536;4590536;4590536;5.297232;5.297232;10.092
2_70_50;SA;1;314476;314476;314476;6.151778;inf;10.248
3_70_50;SA;1;3444569;3444569;3444569;10.197467;inf;10.198
4_70_50;SA;1;5144;5144;5144;6.021911;inf;10.247
5_70_50;SA;1;7130111;7130111;7130111;6.685414;6.685414;10.236
6_70_50;SA;1;1926958;1926958;1926958;9.563207;inf;10.312
7_70_50;SA;1;8082857;8082857;8082857;1.346698;1.346698;10.206
8_70_50;SA;1;5633800;5633800;5633800;6.108608;6.108608;10.095
9_70_50;SA;1;7063797;7063797;7063797;7.110974;7.110974;10.083
10_70_50;SA;1;7108071;7108071;7108071;7.464343;7.464343;10.112
1_70_75;SA;1;9618911;9618911;9618911;4.715379;4.715379;10.322
2_70_75;SA;1;5758834;5758834;5758834;6.793108;inf;10.123
3_70_75;SA;1;7202738;7202738;7202738;9.976006;9.976006;10.11
4_70_75;SA;1;26236;26236;26236;5.364533;inf;10.014
5_70_75;SA;1;1292516;1292516;1292516;7.850889;inf;10.162
6_70_75;SA;1;5780541;5780541;5780541;10.372849;10.372849;10.373
7_70_75;SA;1;17756;17756;17756;6.018253;inf;10.24
8_70_75;SA;1;12718;12718;12718;3.854644;inf;10.319
9_70_75;SA;1;2328543;2328543;2328543;9.254367;inf;10.303
10_70_75;SA;1;6855310;6855310;6855310;5.584833;5.584833;10.225
1_70_100;SA;1;8842455;8842455;8842455;7.326437;7.326437;10.161
2_70_100;SA;1;753690;753690;753690;5.623904;inf;10.022
3_70_100;SA;1;825213;825213;825213;10.31303;inf;10.313
4_70_100;SA;1;2858428;2858428;2858428;4.865648;inf;10.075
5_70_100;SA;1;156321;156321;156321;10.01982;inf;10.02
6_70_100;SA;1;33273;33273;33273;5.587525;inf;10.044
7_70_100;SA;1;2057991;2057991;2057991;9.100375;inf;10.217
8_70_100;SA;1;579641;579641;579641;7.534065;inf;10.096
9_70_100;SA;1;15446837;15446837;15446837;2.570031;2.570031;10.188
10_70_100;SA;1;3108468;3108468;3108468;9.773918;inf;10.042
1_70_25;ILS;1;1280608;1280608;1280608;11.599799;inf;11.634
2_70_25;ILS;1;2598490;2598490;2598490;11.744201;inf;11.744
3_70_25;ILS;1;633021;633021;633021;10.084218;inf;10.087
4_70_25;ILS;1;4046545;4046545;4046545;4.471946;4.471946;10.073
5_70_25;ILS;1;2358294;2358294;2358294;10.517258;inf;10.518
6_70_25;ILS;1;2365052;2365052;2365052;7.093755;inf;14.166
7_70_25;ILS;1;2493189;2493189;2493189;10.434609;inf;10.435
8_70_25;ILS;1;414818;414818;414818;10.239992;inf;10.24
9_70_25;ILS;1;142744;142744;142744;15.223248;inf;15.226
10_70_25;ILS;1;2994891;2994891;2994891;15.389376;15.389376;15.39
1_70_50;ILS;1;4018213;4018213;4018213;9.714148;inf;17.845
2_70_50;ILS;1;258801;258801;258801;13.794579;inf;13.795
3_70_50;ILS;1;2982450;2982450;2982450;11.916813;inf;11.917
4_70_50;ILS;1;2549;2549;2549;7.829854;inf;10.664
5_70_50;ILS;1;7154127;7154127;7154127;5.396564;5.396564;10.275
6_70_50;ILS;1;1541904;1541904;1541904;13.896705;inf;13.897
7_70_50;ILS;1;8082857;8082857;8082857;3.680489;3.680489;10.137
8_70_50;ILS;1;5165731;5165731;5165731;6.363703;inf;10.033
9_70_50;ILS;1;6790289;6790289;6790289;6.311797;6.311797;12.822
10_70_50;ILS;1;6832533;6832533;6832533;10.256821;10.256821;10.257
1_70_75;ILS;1;9212050;9212050;9212050;14.531594;14.531594;14.532
2_70_75;ILS;1;4677572;4677572;4677572;10.643461;inf;10.644
3_70_75;ILS;1;6229598;6229598;6229598;9.587618;inf;12.249
4_70_75;ILS;1;9870;9870;9870;11.87126;inf;11.872
5_70_75;ILS;1;1130823;1130823;1130823;16.572908;inf;16.573
6_70_75;ILS;1;4406790;4406790;4406790;10.86788;inf;10.868
7_70_75;ILS;1;15163;15163;15163;10.247419;inf;10.248
8_70_75;ILS;1;3064;3064;3064;10.709724;inf;10.71
9_70_75;ILS;1;2214651;2214651;2214651;10.878436;inf;10.878
10_70_75;ILS;1;5618243;5618243;5618243;6.542006;inf;13.426
1_70_100;ILS;1;7395110;7395110;7395110;11.703888;inf;11.704
2_70_100;ILS;1;467059;467059;467059;10.5105;inf;10.511
3_70_100;ILS;1;528091;528091;528091;11.674143;inf;11.674
4_70_100;ILS;1;1955628;1955628;1955628;14.992674;inf;14.993
5_70_100;ILS;1;52861;52861;52861;10.533105;inf;10.533
6_70_100;ILS;1;26639;26639;26639;15.12649;inf;15.127
7_70_100;ILS;1;1781366;1781366;1781366;18.602829;inf;18.603
8_70_100;ILS;1;342691;342691;342691;12.92653;inf;12.927
9_70_100;ILS;1;15446837;15446837;15446837;6.538939;6.538939;11.314
10_70_100;ILS;1;2312805;2312805;2312805;8.798998;inf;12.132
1_70_25;VNS;1;1278988;1278988;1278988;12.068959;inf;12.069
2_70_25;VNS;1;2603658;2603658;2603658;5.439145;inf;14.564
3_70_25;VNS;1;636151;636151;636151;15.071364;inf;15.071
4_70_25;VNS;1;4046545;4046545;4046545;6.341665;6.341665;15.72
5_70_25;VNS;1;2456949;2456949;2456949;9.770864;9.770864;11.352
6_70_25;VNS;1;2252917;2252917;2252917;3.872329;inf;11.461
7_70_25;VNS;1;2495130;2495130;2495130;5.267443;inf;11.52
8_70_25;VNS;1;360118;360118;360118;14.12643;inf;14.127
9_70_25;VNS;1;205392;205392;205392;22.786533;inf;22.787
10_70_25;VNS;1;2994891;2994891;2994891;17.319675;17.319675;17.32
1_70_50;VNS;1;4019419;4019419;4019419;9.918589;inf;11.576
2_70_50;VNS;1;227006;227006;227006;10.172657;inf;10.173
3_70_50;VNS;1;2652621;2652621;2652621;10.386807;inf;10.387
4_70_50;VNS;1;6638;6638;6638;10.990221;inf;10.99
5_70_50;VNS;1;7154127;7154127;7154127;6.52397;6.52397;14.955
6_70_50;VNS;1;1771666;1771666;1771666;7.844877;inf;10.78
7_70_50;VNS;1;8082857;8082857;8082857;3.494652;3.494652;14.736
8_70_50;VNS;1;5415927;5415927;5415927;8.24647;8.24647;11.073
9_70_50;VNS;1;6495850;6495850;6495850;7.678751;inf;10.52
10_70_50;VNS;1;6832533;6832533;6832533;4.206896;4.206896;13.686
1_70_75;VNS;1;9221492;9221492;9221492;11.642393;11.642393;11.642
2_70_75;VNS;1;4405343;4405343;4405343;10.567877;inf;10.568
3_70_75;VNS;1;6552660;6552660;6552660;11.151883;inf;11.2
4_70_75;VNS;1;34071;34071;34071;13.33766;inf;13.338
5_70_75;VNS;1;1027411;1027411;1027411;17.4177;inf;17.418
6_70_75;VNS;1;4668174;4668174;4668174;8.55082;inf;10.433
7_70_75;VNS;1;8774;8774;8774;4.955148;inf;14.801
8_70_75;VNS;1;14796;14796;14796;14.91166;inf;14.912
9_70_75;VNS;1;1913730;1913730;1913730;10.09256;inf;10.093
10_70_75;VNS;1;6245682;6245682;6245682;13.138735;inf;13.139
1_70_100;VNS;1;7804014;7804014;7804014;14.588005;inf;14.588
2_70_100;VNS;1;614349;614349;614349;15.142444;inf;15.145
3_70_100;VNS;1;529408;529408;529408;14.390264;inf;14.39
4_70_100;VNS;1;1953438;1953438;1953438;12.688286;inf;12.688
5_70_100;VNS;1;89134;89134;89134;17.349504;inf;17.35
6_70_100;VNS;1;17383;17383;17383;11.298544;inf;11.299
7_70_100;VNS;1;1217093;1217093;1217093;5.134238;inf;10.449
8_70_100;VNS;1;342291;342291;342291;11.880346;inf;11.88
9_70_100;VNS;1;15446837;15446837;15446837;5.123771;5.123771;11.415
10_70_100;VNS;1;2306143;2306143;2306143;10.104521;inf;10.105
1_70_25;BRKGA;1;1540421;1540421;1540421;9.09599;9.09599;10.167
2_70_25;BRKGA;1;2839433;2839433;2839433;9.739735;9.739735;10.007
3_70_25;BRKGA;1;848855;848855;848855;9.446561;9.446561;10.168
4_70_25;BRKGA;1;4046545;4046545;4046545;6.228866;6.228866;10.036
5_70_25;BRKGA;1;2556073;2556073;2556073;10.156413;10.156413;10.157
6_70_25;BRKGA;1;2686704;2686704;2686704;6.621978;6.621978;10.145
7_70_25;BRKGA;1;2722656;2722656;2722656;9.195168;9.195168;10.04
8_70_25;BRKGA;1;528877;528877;528877;9.974765;9.974765;10.231
9_70_25;BRKGA;1;269019;269019;269019;8.980151;8.980151;10.214
10_70_25;BRKGA;1;3116346;3116346;3116346;5.576375;5.576375;10.067
1_70_50;BRKGA;1;4625758;4625758;4625758;10.148516;10.148516;10.149
2_70_50;BRKGA;1;395244;395244;395244;9.07603;9.07603;10.109
3_70_50;BRKGA;1;3501841;3501841;3501841;10.005239;10.005239;10.008
4_70_50;BRKGA;1;8649;8649;8649;5.968845;5.968845;10.089
5_70_50;BRKGA;1;7154127;7154127;7154127;9.439815;9.439815;10.042
6_70_50;BRKGA;1;2081832;2081832;2081832;10.168382;10.168382;10.172
7_70_50;BRKGA;1;8082857;8082857;8082857;5.805589;5.805589;10.049
8_70_50;BRKGA;1;5642906;5642906;5642906;8.631861;8.631861;10.152
9_70_50;BRKGA;1;7070757;7070757;7070757;6.618076;6.618076;10.06
10_70_50;BRKGA;1;6827466;6827466;6827466;9.676128;9.676128;10.084
1_70_75;BRKGA;1;9635805;9635805;9635805;8.600733;8.600733;10.125
2_70_75;BRKGA;1;5803481;5803481;5803481;8.589261;8.589261;10.219
3_70_75;BRKGA;1;7549893;7549893;7549893;9.056179;9.056179;10.102
4_70_75;BRKGA;1;32192;32192;32192;5.945136;inf;10.232
5_70_75;BRKGA;1;1552167;1552167;1552167;9.641078;9.641078;10.276
6_70_75;BRKGA;1;5782742;5782742;5782742;9.842658;9.842658;10.026
7_70_75;BRKGA;1;24922;24922;24922;7.037825;inf;10.059
8_70_75;BRKGA;1;19237;19237;19237;9.130881;9.130881;10.035
9_70_75;BRKGA;1;2530131;2530131;2530131;10.046721;inf;10.047
10_70_75;BRKGA;1;6970665;6970665;6970665;10.13346;10.13346;10.134
1_70_100;BRKGA;1;8772192;8772192;8772192;9.021663;9.021663;10.164
2_70_100;BRKGA;1;1063817;1063817;1063817;10.109882;10.109882;10.11
3_70_100;BRKGA;1;1026924;1026924;1026924;9.641986;9.641986;10.188
4_70_100;BRKGA;1;3099980;3099980;3099980;10.038206;10.038206;10.038
5_70_100;BRKGA;1;193795;193795;193795;9.501361;inf;10.039
6_70_100;BRKGA;1;45591;45591;45591;6.228657;6.228657;10.438
7_70_100;BRKGA;1;2446636;2446636;2446636;9.786636;9.786636;10.09
8_70_100;BRKGA;1;743402;743402;743402;8.566012;8.566012;10.163
9_70_100;BRKGA;1;15446837;15446837;15446837;5.629346;5.629346;10.138
10_70_100;BRKGA;1;3343874;3343874;3343874;9.05822;inf;10.017
1_70_25;BRKGACS;1;1425726;1425726;1425726;14.79282;inf;15.154
2_70_25;BRKGACS;1;2723426;2723426;2723426;9.286261;9.286261;11.268
3_70_25;BRKGACS;1;731095;731095;731095;13.306429;inf;13.865
4_70_25;BRKGACS;1;4046545;4046545;4046545;5.629055;5.629055;10.198
5_70_25;BRKGACS;1;2520441;2520441;2520441;9.834857;9.834857;11.535
6_70_25;BRKGACS;1;2468929;2468929;2468929;8.593263;inf;10.042
7_70_25;BRKGACS;1;2495130;2495130;2495130;7.959391;inf;10.24
8_70_25;BRKGACS;1;456356;456356;456356;9.246102;inf;10.085
9_70_25;BRKGACS;1;218406;218406;218406;9.162042;inf;10.047
10_70_25;BRKGACS;1;2994891;2994891;2994891;7.224064;7.224064;11.344
1_70_50;BRKGACS;1;4584438;4584438;4584438;13.831701;13.831701;13.856
2_70_50;BRKGACS;1;316756;316756;316756;14.123803;inf;14.263
3_70_50;BRKGACS;1;3101422;3101422;3101422;7.996631;inf;11.957
4_70_50;BRKGACS;1;2549;2549;2549;9.186674;inf;15.086
5_70_50;BRKGACS;1;7154127;7154127;7154127;8.276388;8.276388;10.103
6_70_50;BRKGACS;1;1878919;1878919;1878919;12.772047;inf;13.362
7_70_50;BRKGACS;1;8082857;8082857;8082857;7.062742;7.062742;10.032
8_70_50;BRKGACS;1;5415927;5415927;5415927;12.739302;12.739302;13.455
9_70_50;BRKGACS;1;6790289;6790289;6790289;3.786106;3.786106;10.759
10_70_50;BRKGACS;1;6537525;6537525;6537525;5.832181;inf;10.294
1_70_75;BRKGACS;1;9204838;9204838;9204838;9.172195;9.172195;10.103
2_70_75;BRKGACS;1;4906923;4906923;4906923;9.336945;inf;10.033
3_70_75;BRKGACS;1;7176690;7176690;7176690;10.794642;inf;10.975
4_70_75;BRKGACS;1;22198;22198;22198;10.643028;inf;11.415
5_70_75;BRKGACS;1;1330645;1330645;1330645;9.941041;inf;10.907
6_70_75;BRKGACS;1;5202836;5202836;5202836;9.891088;inf;10.586
7_70_75;BRKGACS;1;13876;13876;13876;12.027519;inf;12.246
8_70_75;BRKGACS;1;9465;9465;9465;5.689939;inf;10.13
9_70_75;BRKGACS;1;2062738;2062738;2062738;8.919951;inf;10.045
10_70_75;BRKGACS;1;6245380;6245380;6245380;9.296205;inf;11.296
1_70_100;BRKGACS;1;7396595;7396595;7396595;15.058373;inf;15.962
2_70_100;BRKGACS;1;768998;768998;768998;7.743089;inf;10.04
3_70_100;BRKGACS;1;830636;830636;830636;14.585299;inf;14.586
4_70_100;BRKGACS;1;2102063;2102063;2102063;11.140359;inf;11.999
5_70_100;BRKGACS;1;153400;153400;153400;8.207932;inf;10.069
6_70_100;BRKGACS;1;24281;24281;24281;17.12454;inf;17.126
7_70_100;BRKGACS;1;1922111;1922111;1922111;13.016994;inf;13.175
8_70_100;BRKGACS;1;502278;502278;502278;12.527582;inf;12.547
9_70_100;BRKGACS;1;15446837;15446837;15446837;4.554874;4.554874;10.241
10_70_100;BRKGACS;1;2901248;2901248;2901248;12.138331;inf;12.881
1_70_25;PSO;1;1459611;1459611;1459611;8.491413;inf;10.112
2_70_25;PSO;1;2833507;2833507;2833507;6.392407;6.392407;10.035
3_70_25;PSO;1;800370;800370;800370;9.995777;inf;10.111
4_70_25;PSO;1;4042082;4042082;4042082;8.376916;8.376916;10.071
5_70_25;PSO;1;2565539;2565539;2565539;7.678576;7.678576;10.026
6_70_25;PSO;1;2578523;2578523;2578523;7.246558;7.246558;10.114
7_70_25;PSO;1;2726680;2726680;2726680;8.993839;8.993839;10.015
8_70_25;PSO;1;490944;490944;490944;9.658599;inf;10.118
9_70_25;PSO;1;225051;225051;225051;7.50581;inf;10.112
10_70_25;PSO;1;3121744;3121744;3121744;4.842056;4.842056;10.112
1_70_50;PSO;1;4600752;4600752;4600752;9.058779;9.058779;10.124
2_70_50;PSO;1;350550;350550;350550;5.223993;inf;10.101
3_70_50;PSO;1;3504895;3504895;3504895;9.640991;9.640991;10.099
4_70_50;PSO;1;8001;8001;8001;7.558486;inf;10.034
5_70_50;PSO;1;7145330;7145330;7145330;5.741754;5.741754;10.048
6_70_50;PSO;1;1979524;1979524;1979524;3.67025;inf;10.049
7_70_50;PSO;1;8082857;8082857;8082857;4.514521;4.514521;10.028
8_70_50;PSO;1;5663128;5663128;5663128;3.638427;3.638427;10.015
9_70_50;PSO;1;7079105;7079105;7079105;6.524848;6.524848;10.065
10_70_50;PSO;1;6824162;6824162;6824162;2.495344;2.495344;10.08
1_70_75;PSO;1;9618077;9618077;9618077;8.763844;8.763844;10.112
2_70_75;PSO;1;5798917;5798917;5798917;8.169456;8.169456;10.133
3_70_75;PSO;1;7221555;7221555;7221555;8.990729;8.990729;10.064
4_70_75;PSO;1;27546;27546;27546;5.49447;inf;10.181
5_70_75;PSO;1;1555408;1555408;1555408;8.608198;8.608198;10.086
6_70_75;PSO;1;5495949;5495949;5495949;9.996992;inf;10.142
7_70_75;PSO;1;20492;20492;20492;9.889061;inf;10.116
8_70_75;PSO;1;19163;19163;19163;5.710261;5.710261;10.017
9_70_75;PSO;1;2541328;2541328;2541328;10.031609;inf;10.032
10_70_75;PSO;1;6873496;6873496;6873496;10.114117;10.114117;10.114
1_70_100;PSO;1;9083108;9083108;9083108;8.660387;8.660387;10.1
2_70_100;PSO;1;956034;956034;956034;4.987381;inf;10.053
3_70_100;PSO;1;928037;928037;928037;9.94798;inf;10.032
4_70_100;PSO;1;3099498;3099498;3099498;7.801748;7.801748;10.056
5_70_100;PSO;1;162014;162014;162014;9.870927;inf;10.024
6_70_100;PSO;1;34527;34527;34527;9.144658;inf;10.155
7_70_100;PSO;1;2271532;2271532;2271532;9.417608;inf;10.153
8_70_100;PSO;1;744524;744524;744524;9.752561;9.752561;10.018
9_70_100;PSO;1;15446837;15446837;15446837;7.607996;7.607996;10.062
10_70_100;PSO;1;2905082;2905082;2905082;9.395257;inf;10.064
1_70_25;GA;1;1540812;1540812;1540812;8.833628;8.833628;10.055
2_70_25;GA;1;2818802;2818802;2818802;9.374034;9.374034;10.157
3_70_25;GA;1;783928;783928;783928;9.340153;inf;10.164
4_70_25;GA;1;4046545;4046545;4046545;5.428742;5.428742;10.253
5_70_25;GA;1;2542946;2542946;2542946;9.267515;9.267515;10.237
6_70_25;GA;1;2680218;2680218;2680218;9.345231;9.345231;10.086
7_70_25;GA;1;2702801;2702801;2702801;9.965672;9.965672;10.073
8_70_25;GA;1;519990;519990;519990;10.163433;inf;10.164
9_70_25;GA;1;219503;219503;219503;10.075995;inf;10.076
10_70_25;GA;1;3102879;3102879;3102879;9.603875;9.603875;10.171
1_70_50;GA;1;4566071;4566071;4566071;9.594138;9.594138;10.092
2_70_50;GA;1;389783;389783;389783;7.289453;7.289453;10.017
3_70_50;GA;1;3491432;3491432;3491432;10.062526;10.062526;10.063
4_70_50;GA;1;5901;5901;5901;9.525488;inf;10.113
5_70_50;GA;1;7142236;7142236;7142236;9.941361;9.941361;10.309
6_70_50;GA;1;1941438;1941438;1941438;9.538517;inf;10.095
7_70_50;GA;1;8082857;8082857;8082857;2.201525;2.201525;10.156
8_70_50;GA;1;5635971;5635971;5635971;10.031384;10.031384;10.062
9_70_50;GA;1;7069902;7069902;7069902;3.828386;3.828386;10.434
10_70_50;GA;1;7055031;7055031;7055031;6.100184;6.100184;10.145
1_70_75;GA;1;9628762;9628762;9628762;8.71416;8.71416;10.125
2_70_75;GA;1;5789076;5789076;5789076;8.478189;8.478189;10.187
3_70_75;GA;1;7213206;7213206;7213206;9.051882;9.051882;10.166
4_70_75;GA;1;29030;29030;29030;10.451843;inf;10.482
5_70_75;GA;1;1430891;1430891;1430891;9.784019;inf;10.127
6_70_75;GA;1;5778770;5778770;5778770;9.802599;9.802599;10.045
7_70_75;GA;1;23989;23989;23989;7.610442;inf;10.007
8_70_75;GA;1;19170;19170;19170;9.429229;9.429229;10.267
9_70_75;GA;1;2696373;2696373;2696373;7.764518;7.764518;10.072
10_70_75;GA;1;6847685;6847685;6847685;9.328402;inf;10.015
1_70_100;GA;1;8638642;8638642;8638642;10.140831;10.140831;10.141
2_70_100;GA;1;958285;958285;958285;10.122417;inf;10.123
3_70_100;GA;1;913444;913444;913444;8.7833;inf;10.113
4_70_100;GA;1;2868586;2868586;2868586;8.487725;inf;10.065
5_70_100;GA;1;191338;191338;191338;8.831406;inf;10.078
6_70_100;GA;1;45562;45562;45562;6.510515;6.510515;10.087
7_70_100;GA;1;2441346;2441346;2441346;7.896037;7.896037;10.099
8_70_100;GA;1;658718;658718;658718;8.677209;inf;10.021
9_70_100;GA;1;15444746;15444746;15444746;9.368832;9.368832;10.045
10_70_100;GA;1;3336905;3336905;3336905;9.958558;inf;10.146
1_70_25;LNS;1;1331093;1331093;1331093;10.00884;inf;10.009
2_70_25;LNS;1;2564217;2564217;2564217;10.09576;inf;10.096
3_70_25;LNS;1;741797;741797;741797;9.199841;inf;10.043
4_70_25;LNS;1;4046545;4046545;4046545;5.212777;5.212777;10.055
5_70_25;LNS;1;2329039;2329039;2329039;9.158019;inf;10.019
6_70_25;LNS;1;2578460;2578460;2578460;3.989306;3.989306;10.075
7_70_25;LNS;1;2682596;2682596;2682596;8.287979;8.287979;10.012
8_70_25;LNS;1;379861;379861;379861;8.240651;inf;10.085
9_70_25;LNS;1;202273;202273;202273;9.859883;inf;10.044
10_70_25;LNS;1;3097596;3097596;3097596;4.505534;4.505534;10.057
1_70_50;LNS;1;4194436;4194436;4194436;9.931175;inf;10.036
2_70_50;LNS;1;397770;397770;397770;7.248472;7.248472;10.056
3_70_50;LNS;1;3129206;3129206;3129206;8.202085;inf;10.092
4_70_50;LNS;1;5224;5224;5224;6.106658;inf;10.113
5_70_50;LNS;1;7142020;7142020;7142020;5.45217;5.45217;10.053
6_70_50;LNS;1;1945475;1945475;1945475;6.373488;inf;10.105
7_70_50;LNS;1;8080355;8080355;8080355;5.213997;5.213997;10.059
8_70_50;LNS;1;5639663;5639663;5639663;9.539849;9.539849;10.027
9_70_50;LNS;1;6751699;6751699;6751699;7.006218;7.006218;10.058
10_70_50;LNS;1;6812522;6812522;6812522;9.574894;9.574894;10.083
1_70_75;LNS;1;9616922;9616922;9616922;5.498874;5.498874;10.107
2_70_75;LNS;1;5186881;5186881;5186881;9.523335;inf;10.042
3_70_75;LNS;1;7196961;7196961;7196961;9.93883;9.93883;10.052
4_70_75;LNS;1;26812;26812;26812;9.183424;inf;10.077
5_70_75;LNS;1;1308019;1308019;1308019;9.84109;inf;10.07
6_70_75;LNS;1;5474870;5474870;5474870;9.559283;inf;10.03
7_70_75;LNS;1;14202;14202;14202;9.42014;inf;10.075
8_70_75;LNS;1;8538;8538;8538;9.647259;inf;10.062
9_70_75;LNS;1;2205186;2205186;2205186;9.534398;inf;10.046
10_70_75;LNS;1;6876221;6876221;6876221;9.982199;9.982199;10.101
1_70_100;LNS;1;8203534;8203534;8203534;8.886929;inf;10.039
2_70_100;LNS;1;755550;755550;755550;8.61013;inf;10.083
3_70_100;LNS;1;741532;741532;741532;7.376729;inf;10.095
4_70_100;LNS;1;2460439;2460439;2460439;8.488072;inf;10.01
5_70_100;LNS;1;194318;194318;194318;9.883449;inf;10.058
6_70_100;LNS;1;31968;31968;31968;7.20549;inf;10.012
7_70_100;LNS;1;2068458;2068458;2068458;8.960672;inf;10.076
8_70_100;LNS;1;509728;509728;509728;2.197515;inf;10.03
9_70_100;LNS;1;15436126;15436126;15436126;10.052661;10.052661;10.053
10_70_100;LNS;1;2883559;2883559;2883559;9.747553;inf;10.077
1_70_25;GRASP;1;1355145;1355145;1355145;10.983088;inf;10.983
2_70_25;GRASP;1;2604040;2604040;2604040;6.981496;inf;11.481
3_70_25;GRASP;1;637525;637525;637525;11.272464;inf;11.273
4_70_25;GRASP;1;4046545;4046545;4046545;5.581019;5.581019;11.895
5_70_25;GRASP;1;2353344;2353344;2353344;11.013203;inf;11.014
6_70_25;GRASP;1;2259947;2259947;2259947;6.199898;inf;10.399
7_70_25;GRASP;1;2493451;2493451;2493451;5.460363;inf;11.783
8_70_25;GRASP;1;325420;325420;325420;8.626982;inf;10.542
9_70_25;GRASP;1;162619;162619;162619;10.272957;inf;10.273
10_70_25;GRASP;1;2994891;2994891;2994891;5.947265;5.947265;10.356
1_70_50;GRASP;1;4018187;4018187;4018187;5.62026;inf;12.133
2_70_50;GRASP;1;199478;199478;199478;5.760924;inf;10.023
3_70_50;GRASP;1;2649918;2649918;2649918;5.75794;inf;11.769
4_70_50;GRASP;1;2829;2829;2829;3.922385;inf;10.275
5_70_50;GRASP;1;7154127;7154127;7154127;7.479177;7.479177;11.647
6_70_50;GRASP;1;1878919;1878919;1878919;16.823263;inf;16.823
7_70_50;GRASP;1;8082857;8082857;8082857;4.043601;4.043601;10.564
8_70_50;GRASP;1;5156097;5156097;5156097;8.813185;inf;10.762
9_70_50;GRASP;1;6495850;6495850;6495850;5.031465;inf;11.671
10_70_50;GRASP;1;6832533;6832533;6832533;6.784851;6.784851;11.057
1_70_75;GRASP;1;8802568;8802568;8802568;6.745905;inf;11.09
2_70_75;GRASP;1;4156561;4156561;4156561;4.083405;inf;11.051
3_70_75;GRASP;1;6229598;6229598;6229598;6.906008;inf;11.17
4_70_75;GRASP;1;14268;14268;14268;3.895472;inf;10.509
5_70_75;GRASP;1;936238;936238;936238;5.653912;inf;11.842
6_70_75;GRASP;1;5216686;5216686;5216686;8.74399;inf;10.783
7_70_75;GRASP;1;3013;3013;3013;3.848885;inf;10.287
8_70_75;GRASP;1;5450;5450;5450;3.798696;inf;10.171
9_70_75;GRASP;1;1910758;1910758;1910758;6.639654;inf;10.914
10_70_75;GRASP;1;5927928;5927928;5927928;5.837368;inf;10.042
1_70_100;GRASP;1;6993527;6993527;6993527;9.920202;inf;11.823
2_70_100;GRASP;1;470384;470384;470384;5.672266;inf;11.92
3_70_100;GRASP;1;458788;458788;458788;18.35655;inf;18.357
4_70_100;GRASP;1;2295631;2295631;2295631;13.41598;inf;13.416
5_70_100;GRASP;1;112473;112473;112473;15.220014;inf;15.22
6_70_100;GRASP;1;10775;10775;10775;5.224541;inf;11.745
7_70_100;GRASP;1;1775251;1775251;1775251;9.985828;inf;11.979
8_70_100;GRASP;1;346868;346868;346868;7.444826;inf;11.568
9_70_100;GRASP;1;15446837;15446837;15446837;5.461264;5.461264;12.073
10_70_100;GRASP;1;2141425;2141425;2141425;11.466893;inf;11.467
1_70_25;RKO;1;1565148;1565148;1564672;8.5836;8.5836;10.016
2_70_25;RKO;1;2840484;2840484;2840484;3.934042;3.934042;10.04
3_70_25;RKO;1;852801;852801;852444.3333;8.817177;8.817177;10.048
4_70_25;RKO;1;4046545;4046545;4046545;0.123592;0.123592;10.039
5_70_25;RKO;1;2570519;2570519;2570354.667;6.552361;6.552361;10.017
6_70_25;RKO;1;2693668;2693668;2693080;4.910518;4.910518;10.023
7_70_25;RKO;1;2726490;2802167;2751715.667;5.331765;5.331765;10.068
8_70_25;RKO;1;551826;551826;539970;7.754614;7.754614;10.028
9_70_25;RKO;1;273568;273568;272326.6667;8.139222;8.139222;10.049
10_70_25;RKO;1;3123240;3123240;3123240;4.943641;4.943641;10.051
1_70_50;RKO;1;4641545;4641695;4639702.667;8.547592;8.547592;10.01
2_70_50;RKO;1;401887;401887;400758;7.31615;7.31615;10.033
3_70_50;RKO;1;3510075;3510075;3510075;6.983245;6.983245;10.055
4_70_50;RKO;1;8649;8649;8649;2.81964;2.81964;10.024
5_70_50;RKO;1;7154127;7154127;7154127;1.512369;1.512369;10.051
6_70_50;RKO;1;2090527;2098383;2095764.333;8.068306;8.068306;10.024
7_70_50;RKO;1;8082857;8082857;8082857;0.139026;0.139026;10.038
8_70_50;RKO;1;5665210;5665210;5665210;4.600944;4.600944;10.035
9_70_50;RKO;1;7079105;7079105;7079105;1.169061;1.169061;10.047
10_70_50;RKO;1;7108071;7108071;7108071;1.266531;1.266531;10.018
1_70_75;RKO;1;9637764;9637764;9637764;2.528274;2.528274;10.035
2_70_75;RKO;1;6085633;6085633;6083499.667;8.601802;8.601802;10.031
3_70_75;RKO;1;7563980;7563980;7562786.333;7.855254;7.855254;10.023
4_70_75;RKO;1;36082;36082;35997.66667;6.115297;6.115297;10.039
5_70_75;RKO;1;1565918;1567151;1566740;8.806466;8.806466;10.057
6_70_75;RKO;1;5797482;5797482;5796120;8.966084;8.966084;10.017
7_70_75;RKO;1;26805;26805;26805;6.435125;6.435125;10.035
8_70_75;RKO;1;19605;19605;19605;4.929107;4.929107;10.044
9_70_75;RKO;1;2711311;2712017;2656977.333;9.307565;9.307565;10.046
10_70_75;RKO;1;7201756;7208960;7206558.667;7.448524;7.448524;10.055
1_70_100;RKO;1;9087857;9087857;9087857;7.674186;7.674186;10.048
2_70_100;RKO;1;1064496;1064496;1064423.667;7.86215;7.86215;10.058
3_70_100;RKO;1;1034258;1034258;1032058.667;10.027438;10.027438;10.032
4_70_100;RKO;1;3108654;3108654;3108654;7.989125;7.989125;10.025
5_70_100;RKO;1;232522;232522;231235;7.449603;7.449603;10.027
6_70_100;RKO;1;46353;46353;46353;5.38447;5.38447;10.03
7_70_100;RKO;1;2454771;2454771;2454771;6.989592;6.989592;10.06
8_70_100;RKO;1;744978;744978;744863.6667;7.220663;7.220663;10.045
9_70_100;RKO;1;15446837;15446837;15446837;0.786863;0.786863;10.034
10_70_100;RKO;1;3350044;3352721;3350958.333;7.553922;inf;10.053